charge_cycles,charging_pattern,voltage,temperature,internal_resistance,discharge_rate,age_months,capacity_percent,health_status
1176,overnight,3.97,57.7,57.91,1.51,42,99.7,Critical
910,fast,3.55,46.7,77.31,0.95,59,68.8,Needs Maintenance
1344,slow,3.45,47.1,41.68,2.02,20,69.2,Critical
1180,slow,3.48,34.5,36.18,1.43,9,74.0,Critical
1145,slow,4.28,43.7,45.11,2.08,17,95.0,Critical
1094,fast,3.05,20.4,39.32,1.62,27,88.0,Critical
171,slow,4.13,45.4,37.19,1.98,47,67.1,Needs Maintenance
516,overnight,3.75,56.5,53.99,1.54,2,83.1,Moderate
1288,overnight,3.57,44.5,92.63,1.09,36,75.2,Critical
380,fast,3.94,54.9,60.56,2.4,19,69.5,Needs Maintenance
137,overnight,3.63,49.0,35.03,1.4,17,51.5,Critical
1446,overnight,4.14,24.8,26.16,1.55,5,67.8,Critical
1173,fast,4.17,56.1,75.69,0.63,39,54.7,Critical
921,slow,3.55,22.7,50.62,1.6,18,94.9,Needs Maintenance
180,slow,3.36,41.4,85.75,1.47,53,60.1,Needs Maintenance
1382,slow,3.77,25.7,72.76,0.54,54,97.1,Critical
819,fast,4.19,20.5,83.7,0.24,59,72.0,Needs Maintenance
393,overnight,3.27,36.9,41.76,1.55,7,77.9,Moderate
1487,slow,3.81,31.8,75.39,1.93,17,72.6,Critical
855,slow,3.82,39.4,41.12,1.36,39,47.8,Critical
435,fast,3.95,43.1,95.13,0.64,36,62.5,Needs Maintenance
1265,slow,3.17,21.7,70.91,1.7,40,45.9,Critical
1005,fast,3.93,24.9,45.96,0.29,45,77.4,Critical
326,overnight,4.18,42.3,41.56,1.16,4,66.8,Needs Maintenance
1234,fast,3.23,33.7,35.27,0.49,38,86.7,Critical
509,fast,3.31,49.2,75.57,0.54,25,53.2,Critical
1387,fast,4.26,46.1,37.5,0.59,5,49.9,Critical
71,fast,3.24,53.8,67.62,1.03,30,64.4,Needs Maintenance
302,overnight,4.11,47.7,41.17,0.22,12,95.6,Moderate
797,overnight,3.64,37.2,72.96,1.05,4,82.6,Needs Maintenance
906,slow,3.32,46.9,85.2,1.33,24,65.1,Needs Maintenance
524,overnight,4.13,31.0,82.24,1.26,29,71.0,Moderate
1132,overnight,3.58,32.3,80.87,1.02,9,45.1,Critical
560,slow,3.67,51.6,35.02,2.11,4,99.1,Moderate
749,overnight,3.47,37.9,27.07,0.45,51,80.0,Needs Maintenance
1025,fast,3.77,51.9,75.92,1.31,24,57.1,Critical
239,fast,3.21,52.9,49.47,0.25,14,75.1,Moderate
1007,slow,3.51,54.3,54.59,0.27,5,46.6,Critical
736,slow,4.26,56.7,22.49,1.48,18,98.0,Needs Maintenance
1007,slow,3.34,37.2,40.77,1.46,42,50.5,Critical
612,fast,3.85,32.8,22.69,2.21,57,78.9,Needs Maintenance
1317,overnight,3.42,43.3,90.33,1.44,19,54.7,Critical
881,fast,4.01,34.8,39.47,2.4,12,83.1,Needs Maintenance
1204,slow,3.17,44.0,64.59,0.22,18,86.6,Critical
696,overnight,4.26,48.2,23.12,0.34,17,80.4,Needs Maintenance
70,overnight,3.59,47.5,73.35,0.21,30,76.9,Moderate
890,fast,3.31,35.0,45.84,0.54,24,93.5,Needs Maintenance
216,slow,3.1,26.7,91.83,1.4,11,44.7,Critical
1347,fast,3.22,37.2,91.05,1.65,35,59.9,Critical
437,overnight,3.68,25.7,46.02,0.21,23,54.9,Critical
650,fast,3.44,55.6,92.08,2.37,17,99.3,Needs Maintenance
365,fast,4.08,33.8,99.69,2.12,1,63.4,Needs Maintenance
63,slow,3.56,26.2,86.03,0.81,15,84.0,Moderate
291,slow,3.32,21.0,87.59,0.29,32,81.1,Moderate
826,overnight,3.8,45.8,39.92,0.51,9,52.7,Critical
1419,fast,3.92,45.5,66.14,0.4,15,54.3,Critical
614,fast,3.22,33.6,25.38,0.4,28,56.9,Needs Maintenance
947,fast,3.22,22.9,27.59,1.34,24,64.7,Needs Maintenance
1413,overnight,3.05,36.4,99.91,0.69,35,54.1,Critical
141,overnight,3.96,32.4,46.13,0.96,22,41.2,Critical
1440,slow,3.86,47.1,79.85,2.47,27,92.8,Critical
1005,slow,3.62,44.2,84.53,1.74,19,97.9,Critical
558,slow,4.1,34.6,88.64,2.38,45,60.5,Needs Maintenance
825,fast,4.05,28.7,99.81,0.44,12,60.3,Needs Maintenance
84,fast,3.76,59.5,39.32,1.02,20,40.4,Critical
255,slow,4.13,38.2,23.23,1.43,1,80.8,Moderate
1154,fast,3.27,47.5,52.9,0.28,21,89.5,Critical
1461,slow,3.15,25.6,30.41,0.11,49,48.8,Critical
1075,overnight,3.35,39.4,21.79,1.71,45,49.6,Critical
1071,slow,3.07,21.1,48.83,1.64,1,87.4,Critical
1463,overnight,3.69,40.2,82.7,1.09,10,77.0,Critical
615,fast,4.22,58.6,65.29,1.28,47,42.7,Critical
1179,slow,3.05,35.4,45.02,1.1,59,77.4,Critical
752,fast,3.16,21.6,72.35,0.16,59,58.5,Needs Maintenance
451,overnight,3.59,21.2,38.56,0.9,32,62.1,Needs Maintenance
779,overnight,4.21,35.5,21.15,0.52,39,86.2,Needs Maintenance
211,overnight,3.41,26.4,81.15,0.34,22,88.7,Good
251,fast,3.66,20.9,69.9,2.4,18,64.0,Needs Maintenance
1045,fast,3.05,50.2,80.98,1.54,48,96.8,Critical
319,fast,3.19,38.3,23.12,1.85,46,64.4,Needs Maintenance
865,fast,4.28,31.6,86.97,0.86,32,86.3,Needs Maintenance
1344,overnight,4.25,56.0,69.56,1.04,27,69.0,Critical
505,overnight,3.01,24.6,65.07,0.67,28,93.9,Moderate
1325,slow,4.24,58.2,69.97,0.33,18,94.5,Critical
1066,slow,3.83,32.6,89.15,0.53,59,45.2,Critical
345,fast,4.13,55.5,66.95,2.01,39,96.2,Moderate
769,overnight,3.59,44.1,66.48,1.73,49,89.5,Needs Maintenance
387,overnight,3.67,53.1,99.25,1.41,29,87.5,Moderate
928,overnight,3.64,59.4,80.54,1.24,18,52.1,Critical
1126,slow,3.87,31.5,55.38,2.31,44,88.3,Critical
841,slow,3.18,58.4,76.59,0.27,8,91.0,Needs Maintenance
266,overnight,3.04,35.6,51.14,0.77,54,57.3,Needs Maintenance
813,overnight,3.4,35.4,38.31,0.94,31,97.1,Needs Maintenance
237,overnight,3.92,33.6,67.75,1.98,34,43.0,Critical
429,slow,3.26,41.7,94.25,2.48,7,49.0,Critical
542,overnight,3.88,26.2,94.33,0.68,36,72.3,Moderate
1114,overnight,4.26,42.1,47.35,2.2,18,74.5,Critical
1230,fast,3.12,41.7,62.21,2.09,38,78.7,Critical
64,fast,3.87,50.5,36.93,0.64,59,41.0,Critical
114,slow,3.58,53.3,99.65,1.06,9,97.6,Good
570,overnight,4.13,37.6,98.49,1.08,59,42.7,Critical
1417,overnight,3.23,32.1,71.96,2.45,9,48.6,Critical
1202,fast,3.9,30.4,84.35,0.53,46,40.8,Critical
697,slow,4.09,27.8,77.21,2.02,8,74.0,Needs Maintenance
1136,fast,4.23,22.3,67.45,0.9,51,95.9,Critical
1212,fast,3.89,33.7,24.27,1.85,35,80.0,Critical
642,fast,3.65,30.8,56.38,1.11,18,89.4,Needs Maintenance
441,fast,3.8,58.7,73.98,1.49,5,40.8,Critical
468,overnight,4.13,42.3,74.2,2.1,14,72.5,Moderate
338,overnight,3.74,33.9,49.85,2.03,28,67.6,Needs Maintenance
428,fast,3.04,43.2,95.34,2.18,30,69.9,Needs Maintenance
280,slow,4.21,25.6,33.39,0.24,4,44.3,Critical
1067,slow,3.9,37.8,60.03,1.76,39,81.1,Critical
90,slow,3.88,45.0,75.27,0.44,20,70.2,Moderate
1101,slow,3.28,39.6,75.77,1.1,25,85.9,Critical
184,fast,3.86,36.1,71.89,1.42,28,69.1,Needs Maintenance
250,overnight,3.51,59.8,42.02,1.07,12,49.0,Critical
829,slow,3.85,55.2,32.5,1.35,2,78.9,Needs Maintenance
979,fast,3.14,44.9,70.88,2.49,43,50.3,Critical
1106,slow,3.86,42.8,67.94,0.42,14,92.3,Critical
1121,slow,4.3,44.8,34.35,1.72,22,76.8,Critical
552,fast,3.06,28.1,76.41,1.05,31,49.4,Critical
456,overnight,4.27,35.8,56.41,0.42,23,97.7,Moderate
854,overnight,3.53,21.6,73.42,0.48,48,71.1,Needs Maintenance
148,fast,4.13,39.0,86.99,2.38,20,44.4,Critical
733,overnight,4.02,41.7,33.58,2.21,38,77.6,Needs Maintenance
775,fast,3.74,29.1,21.53,2.28,55,55.2,Needs Maintenance
1010,fast,3.96,58.6,82.33,2.48,4,88.2,Critical
662,fast,4.14,56.4,68.78,0.6,15,89.1,Needs Maintenance
692,overnight,3.53,48.9,75.97,0.95,24,98.7,Needs Maintenance
1078,fast,3.43,41.3,87.05,1.71,25,70.1,Critical
1291,slow,3.87,54.8,84.22,1.26,1,67.3,Critical
552,overnight,4.05,25.2,96.87,1.1,7,85.2,Moderate
816,overnight,3.99,51.6,62.87,0.96,57,47.9,Critical
447,overnight,4.04,25.0,59.08,1.53,31,72.8,Moderate
920,overnight,3.57,51.8,52.15,1.48,12,72.8,Needs Maintenance
844,slow,4.06,31.0,32.3,0.49,42,45.4,Critical
442,overnight,3.16,55.1,65.81,1.23,5,65.1,Needs Maintenance
256,overnight,3.71,57.8,42.16,1.43,44,91.2,Good
1088,fast,3.01,26.0,93.7,1.47,50,91.4,Critical
941,overnight,3.42,38.5,66.66,0.6,42,46.0,Critical
913,slow,3.48,59.2,67.43,1.88,38,45.4,Critical
792,slow,3.52,39.3,48.39,0.16,12,55.8,Needs Maintenance
1314,slow,3.9,54.5,24.16,0.95,39,92.5,Critical
613,slow,3.51,43.5,22.54,1.97,18,47.7,Critical
1070,overnight,3.58,35.0,53.87,1.45,2,83.2,Critical
145,overnight,3.31,31.4,26.77,0.73,10,46.1,Critical
534,slow,3.49,28.1,68.55,1.77,15,77.4,Moderate
1480,slow,3.3,50.5,90.48,1.46,30,61.4,Critical
280,overnight,3.1,35.5,90.63,2.01,44,87.3,Good
798,slow,3.78,40.5,72.72,1.86,58,54.0,Critical
1244,fast,3.87,39.7,36.9,1.56,17,78.4,Critical
590,slow,3.81,43.1,89.04,1.27,4,54.1,Critical
1109,slow,3.6,54.6,90.89,0.42,7,82.8,Critical
574,fast,3.49,59.2,35.73,0.73,41,92.4,Moderate
1233,fast,4.12,36.3,78.99,1.11,31,47.6,Critical
1316,overnight,3.67,53.1,42.92,1.54,51,92.0,Critical
1159,overnight,3.62,50.6,84.21,1.33,59,75.6,Critical
627,fast,3.03,42.9,99.78,0.79,55,47.6,Critical
731,fast,3.44,58.2,22.4,0.12,39,65.7,Needs Maintenance
606,overnight,3.49,28.0,91.79,1.29,55,49.7,Critical
1062,slow,3.52,24.4,69.81,0.79,34,82.0,Critical
695,fast,3.75,54.2,97.87,1.86,6,85.5,Needs Maintenance
845,overnight,3.69,37.6,57.2,0.16,50,46.3,Critical
1101,slow,3.79,53.9,87.79,1.5,38,70.4,Critical
1413,fast,3.99,55.7,24.99,2.36,45,88.9,Critical
1404,slow,4.06,22.5,46.82,0.52,58,96.2,Critical
1421,overnight,3.93,55.3,25.36,1.23,51,70.8,Critical
1304,fast,4.24,37.9,98.03,0.32,34,97.0,Critical
239,slow,3.02,40.4,85.36,1.6,44,72.1,Moderate
1298,fast,3.25,45.1,88.2,1.42,15,63.7,Critical
1458,slow,3.01,57.1,95.04,1.08,14,90.9,Critical
1450,overnight,3.84,20.8,26.81,1.35,6,69.6,Critical
1356,overnight,4.17,39.1,50.85,2.25,50,68.3,Critical
682,fast,3.32,47.5,25.68,0.57,37,69.4,Needs Maintenance
677,slow,4.21,48.9,36.86,0.15,50,90.8,Needs Maintenance
1022,fast,3.08,47.7,38.35,2.17,32,89.9,Critical
1332,fast,4.21,25.4,57.53,1.49,3,64.2,Critical
1432,slow,3.46,32.0,41.48,2.24,3,60.0,Critical
759,slow,3.13,34.3,28.08,1.53,22,69.5,Needs Maintenance
1484,slow,3.63,52.2,33.4,2.04,22,74.4,Critical
698,overnight,3.33,31.2,31.78,1.13,10,54.3,Critical
367,fast,3.37,28.4,97.85,1.9,51,87.6,Moderate
1298,fast,3.4,58.3,80.74,2.29,3,69.2,Critical
1307,overnight,4.04,20.4,97.42,1.47,12,60.0,Critical
733,slow,3.7,59.9,55.18,0.53,29,46.4,Critical
713,overnight,3.4,47.1,42.27,0.75,48,54.3,Critical
1447,overnight,3.79,53.1,83.86,0.58,17,97.0,Critical
1306,overnight,3.93,31.8,46.1,0.69,7,58.3,Critical
1186,fast,3.35,20.6,43.95,0.84,13,50.1,Critical
491,overnight,3.54,49.5,38.6,1.43,56,67.6,Needs Maintenance
613,fast,3.16,53.4,30.37,1.51,2,58.4,Needs Maintenance
1341,fast,3.24,49.6,40.52,1.12,4,42.1,Critical
1459,fast,3.89,25.7,48.43,1.58,10,59.4,Critical
1460,slow,3.24,50.1,73.92,0.3,39,72.6,Critical
1186,fast,3.68,50.8,25.01,0.31,24,73.1,Critical
1001,fast,3.92,46.3,36.84,0.51,17,61.4,Critical
1154,slow,3.14,50.6,84.72,1.34,52,66.8,Critical
748,fast,3.74,53.8,31.75,0.61,6,97.9,Needs Maintenance
162,overnight,3.33,44.5,47.41,0.78,19,62.6,Needs Maintenance
51,overnight,4.25,23.5,89.17,1.06,5,55.5,Needs Maintenance
691,fast,3.63,39.5,32.39,2.05,32,54.6,Critical
269,slow,4.05,23.1,26.62,0.13,10,67.5,Needs Maintenance
904,overnight,3.72,36.3,58.76,1.66,9,85.6,Needs Maintenance
1298,slow,3.06,36.3,44.19,1.71,27,52.4,Critical
434,slow,3.82,22.6,65.07,2.02,13,82.6,Moderate
1476,overnight,4.24,34.0,84.3,2.34,19,41.3,Critical
1203,slow,3.78,24.4,30.97,0.15,21,65.1,Critical
1126,overnight,4.06,52.3,66.46,0.47,24,86.6,Critical
779,slow,4.15,57.9,60.44,2.23,38,60.3,Needs Maintenance
1489,overnight,3.3,22.9,31.53,1.2,4,73.8,Critical
296,fast,3.28,58.2,69.92,1.46,24,52.3,Critical
885,overnight,3.79,40.9,41.89,1.69,59,84.5,Needs Maintenance
252,overnight,3.53,32.0,59.03,1.73,35,43.1,Critical
1257,overnight,4.09,23.1,26.58,2.34,3,91.2,Critical
172,overnight,4.17,40.0,56.77,2.49,4,51.9,Critical
450,slow,3.46,51.8,44.52,1.83,57,92.5,Moderate
816,fast,3.31,48.3,85.79,0.79,37,61.2,Needs Maintenance
343,overnight,4.01,22.0,24.56,2.21,40,83.4,Moderate
329,slow,3.36,22.9,53.49,0.22,48,59.2,Needs Maintenance
933,fast,4.07,36.1,56.67,0.65,54,94.4,Needs Maintenance
247,fast,3.55,31.8,78.0,2.25,35,47.6,Critical
1031,fast,3.87,29.3,65.94,0.71,31,50.7,Critical
801,fast,3.12,31.2,73.38,0.63,56,69.6,Needs Maintenance
193,overnight,3.81,52.1,82.16,0.43,44,44.9,Critical
658,overnight,3.59,57.2,88.98,2.16,25,51.8,Critical
1274,slow,3.76,36.2,45.11,1.3,40,96.6,Critical
1197,slow,3.22,56.2,63.04,1.72,13,98.6,Critical
236,slow,3.96,32.9,87.21,0.67,4,62.6,Needs Maintenance
1399,fast,4.12,39.1,99.16,1.92,46,95.4,Critical
513,fast,3.28,29.0,91.16,1.92,14,72.7,Moderate
1422,overnight,3.12,45.6,49.72,0.85,13,56.2,Critical
709,fast,3.03,59.2,35.61,1.09,27,82.1,Needs Maintenance
813,fast,3.83,44.1,59.15,0.6,6,79.5,Needs Maintenance
1004,fast,3.79,34.3,79.33,2.44,17,99.3,Critical
452,slow,3.71,45.9,59.41,1.65,36,55.9,Needs Maintenance
1419,slow,3.3,24.9,58.65,2.34,40,80.3,Critical
196,overnight,3.51,55.5,87.06,0.83,49,43.1,Critical
1221,fast,3.77,40.1,48.91,1.98,35,46.8,Critical
913,fast,3.65,38.0,88.78,1.94,17,40.2,Critical
538,overnight,4.28,43.4,52.54,1.76,41,100.0,Moderate
978,fast,3.18,45.0,46.26,2.42,2,88.1,Needs Maintenance
600,fast,3.9,22.9,56.32,1.04,57,87.2,Needs Maintenance
387,slow,3.53,47.3,81.0,0.41,13,70.6,Moderate
921,overnight,3.56,29.7,30.08,1.71,52,58.0,Needs Maintenance
690,overnight,3.93,48.6,35.71,1.85,2,49.1,Critical
522,overnight,3.9,52.9,96.12,1.48,52,57.1,Needs Maintenance
200,overnight,4.29,52.2,34.04,0.6,28,62.6,Needs Maintenance
1488,slow,3.17,42.1,65.42,1.31,43,85.4,Critical
1371,slow,3.14,40.8,66.35,0.85,59,72.4,Critical
312,fast,3.94,25.7,59.17,1.13,26,44.6,Critical
193,fast,3.75,51.0,71.58,1.65,22,41.1,Critical
395,fast,3.36,30.9,38.39,1.89,47,46.1,Critical
673,fast,3.1,39.9,64.21,0.66,43,64.6,Needs Maintenance
1066,slow,3.11,31.4,49.77,1.07,55,96.0,Critical
930,overnight,4.16,25.4,72.93,0.75,3,78.2,Needs Maintenance
51,slow,3.25,45.2,31.3,0.58,35,88.1,Good
946,fast,3.42,22.2,65.67,1.98,58,68.0,Needs Maintenance
1377,slow,3.29,49.9,34.82,2.28,12,61.7,Critical
303,overnight,3.46,32.7,42.29,0.99,24,46.5,Critical
502,overnight,3.09,20.0,37.5,1.9,5,92.6,Moderate
1110,slow,3.67,40.4,34.63,2.25,20,87.0,Critical
1233,slow,3.09,21.9,86.06,2.13,39,50.1,Critical
1064,slow,4.04,31.0,42.86,0.54,39,70.7,Critical
58,fast,3.3,48.3,94.17,2.4,13,69.2,Needs Maintenance
1306,slow,3.7,22.5,97.59,1.0,41,77.5,Critical
1172,slow,4.14,53.6,65.7,0.91,57,96.8,Critical
865,slow,3.85,20.2,31.44,0.25,53,74.8,Needs Maintenance
257,overnight,3.69,29.9,49.96,1.27,45,72.4,Moderate
1204,overnight,3.42,49.6,83.82,0.36,12,43.0,Critical
453,fast,3.43,32.7,49.39,0.7,13,43.8,Critical
201,fast,3.87,24.1,26.96,0.86,56,51.2,Critical
103,overnight,4.29,34.4,64.54,2.04,10,41.9,Critical
1193,overnight,3.86,30.8,87.61,2.2,33,84.6,Critical
677,overnight,3.73,53.7,83.67,0.83,57,83.4,Needs Maintenance
636,slow,3.95,32.5,34.01,2.16,40,48.2,Critical
1493,slow,3.6,51.6,73.82,2.16,54,90.2,Critical
1495,overnight,3.08,55.7,37.64,1.94,16,49.3,Critical
153,slow,3.73,37.4,37.46,0.45,45,58.1,Needs Maintenance
303,slow,4.24,56.4,89.93,1.76,35,54.9,Critical
1300,fast,3.23,35.1,39.97,2.37,3,62.3,Critical
1185,overnight,3.9,58.6,41.06,1.74,56,55.3,Critical
559,overnight,3.26,23.6,20.05,0.9,5,69.3,Needs Maintenance
148,slow,3.7,47.5,89.65,1.3,26,64.4,Needs Maintenance
202,overnight,3.13,39.8,83.41,1.65,11,99.2,Good
963,fast,3.59,35.5,70.19,1.33,7,43.4,Critical
927,fast,3.98,45.3,80.02,0.39,53,48.5,Critical
387,fast,3.45,48.2,32.16,0.85,56,43.2,Critical
871,overnight,3.86,20.2,56.67,2.03,10,77.6,Needs Maintenance
1236,overnight,4.03,26.7,48.1,2.17,42,43.3,Critical
1006,overnight,4.21,48.5,27.5,0.43,52,90.2,Critical
210,overnight,3.31,46.7,58.89,2.39,34,70.7,Moderate
850,overnight,3.52,58.6,93.66,0.89,3,71.6,Needs Maintenance
447,fast,3.2,50.4,23.2,1.69,8,73.7,Moderate
1350,slow,4.29,58.0,43.32,1.9,31,50.2,Critical
865,fast,4.21,48.1,36.6,2.05,11,51.9,Critical
1465,overnight,3.7,31.9,39.05,2.37,45,59.1,Critical
1208,fast,4.09,24.2,92.67,0.85,7,75.6,Critical
1268,overnight,3.68,51.3,57.45,2.16,45,52.6,Critical
450,overnight,3.81,45.8,57.3,0.42,2,47.0,Critical
689,fast,3.12,21.9,80.85,1.79,6,98.2,Needs Maintenance
1106,overnight,3.98,34.4,32.36,1.88,41,41.3,Critical
737,slow,3.17,58.3,58.98,1.73,32,88.2,Needs Maintenance
509,overnight,4.07,40.0,54.4,0.71,20,87.3,Moderate
1004,slow,4.02,37.3,67.75,2.2,57,57.8,Critical
519,slow,3.92,38.3,99.96,0.51,34,48.1,Critical
1448,overnight,3.05,28.4,81.56,0.23,50,48.7,Critical
1095,fast,3.39,34.7,51.83,1.82,16,81.8,Critical
799,slow,3.34,34.8,86.2,1.24,25,78.6,Needs Maintenance
87,fast,3.47,22.1,33.66,2.14,12,87.0,Good
279,slow,3.11,50.7,22.44,1.02,7,96.2,Good
1438,overnight,4.22,36.7,36.36,0.5,39,81.5,Critical
612,overnight,3.72,52.9,47.23,2.11,17,49.4,Critical
487,slow,3.4,54.0,60.85,1.42,45,54.6,Critical
1356,overnight,3.52,28.5,69.21,0.55,11,90.5,Critical
76,slow,3.58,46.3,92.85,1.83,6,52.6,Critical
275,overnight,3.78,38.9,60.79,1.33,23,44.4,Critical
1350,fast,3.67,55.2,60.1,1.55,27,82.2,Critical
847,overnight,4.2,28.6,24.02,1.21,46,64.2,Needs Maintenance
333,fast,3.65,47.1,22.79,2.09,6,95.2,Moderate
928,overnight,4.29,44.3,64.09,2.09,38,79.0,Needs Maintenance
1009,fast,4.11,31.8,55.05,1.8,2,45.4,Critical
502,overnight,3.27,25.5,87.13,0.35,22,96.9,Moderate
1069,fast,4.21,46.1,32.85,2.11,20,55.5,Critical
865,slow,3.15,49.5,22.0,1.71,25,60.2,Needs Maintenance
708,slow,4.06,32.6,55.92,1.77,15,64.1,Needs Maintenance
596,fast,3.49,45.8,39.0,0.97,49,43.1,Critical
1265,overnight,4.14,35.8,23.97,2.21,29,69.8,Critical
1122,fast,4.13,48.5,77.97,1.84,8,47.4,Critical
66,overnight,4.05,28.0,28.93,0.37,37,64.1,Needs Maintenance
1245,slow,4.03,55.6,68.67,1.08,49,61.0,Critical
1293,overnight,3.4,31.5,42.48,2.23,52,86.4,Critical
207,slow,3.11,34.7,33.88,0.21,33,88.2,Good
526,overnight,3.52,22.3,50.38,2.41,22,49.2,Critical
1119,overnight,3.23,24.5,84.12,1.73,50,62.0,Critical
1446,overnight,3.9,40.6,51.37,1.62,47,62.4,Critical
567,fast,3.45,30.7,80.06,0.75,5,49.1,Critical
148,fast,4.27,53.4,30.04,0.7,39,87.9,Good
1110,slow,3.83,20.6,81.82,2.36,18,82.4,Critical
329,slow,4.07,35.2,38.95,0.82,38,51.4,Critical
1422,fast,3.17,33.5,74.19,1.96,54,62.0,Critical
546,slow,4.12,20.8,65.26,1.04,53,46.3,Critical
351,fast,4.2,25.0,94.33,0.43,37,77.7,Moderate
230,overnight,3.63,36.5,50.99,0.13,30,47.3,Critical
656,slow,3.79,39.7,25.29,1.41,51,99.2,Needs Maintenance
1172,slow,3.99,36.2,21.53,2.44,31,86.8,Critical
749,fast,3.23,41.2,86.15,0.99,10,63.4,Needs Maintenance
1042,slow,3.65,43.8,61.98,0.96,15,74.7,Critical
1189,slow,3.52,20.4,82.02,0.93,42,94.7,Critical
240,overnight,3.19,38.6,38.75,1.35,59,73.2,Moderate
302,slow,3.48,58.5,47.61,1.16,48,50.5,Critical
1030,overnight,3.09,40.8,22.41,2.21,44,62.7,Critical
977,fast,3.03,47.1,96.92,1.31,18,90.6,Needs Maintenance
1234,slow,3.18,32.5,73.43,1.32,23,78.7,Critical
1329,overnight,4.25,51.0,94.66,0.43,33,79.0,Critical
1396,fast,3.71,50.9,41.24,2.46,16,92.0,Critical
177,slow,4.26,40.9,68.92,0.7,54,93.6,Good
67,fast,3.56,59.0,74.28,0.28,38,95.2,Good
615,slow,3.41,25.0,45.4,1.69,35,45.7,Critical
619,fast,3.66,20.7,87.85,1.53,34,72.6,Needs Maintenance
1396,fast,3.57,50.8,95.77,1.1,28,84.4,Critical
735,overnight,3.14,52.3,90.79,1.11,2,85.4,Needs Maintenance
675,fast,3.83,24.8,79.13,1.98,30,76.4,Needs Maintenance
1361,slow,3.28,30.6,42.2,0.57,13,50.0,Critical
903,slow,3.81,20.7,42.53,2.07,41,87.8,Needs Maintenance
1011,overnight,3.85,31.7,97.07,1.66,16,83.2,Critical
204,slow,3.2,50.9,20.82,1.11,59,45.2,Critical
539,slow,3.08,40.7,77.28,1.2,5,67.8,Needs Maintenance
1459,slow,4.01,33.9,76.5,0.72,55,50.4,Critical
834,fast,3.6,34.9,69.82,1.91,28,60.2,Needs Maintenance
1177,fast,3.08,20.1,99.21,1.33,53,41.1,Critical
1466,slow,4.29,32.0,44.95,0.87,39,64.0,Critical
295,overnight,3.08,45.9,47.2,1.53,45,73.0,Moderate
1249,fast,3.9,59.0,26.32,2.49,20,77.2,Critical
1112,overnight,4.28,53.9,55.42,1.14,24,79.8,Critical
808,slow,3.31,20.9,40.88,2.31,27,90.2,Needs Maintenance
587,slow,3.18,55.9,47.47,0.93,30,52.9,Critical
970,fast,3.16,51.3,86.77,0.23,58,47.2,Critical
457,slow,3.39,51.2,94.84,0.59,45,91.1,Moderate
574,fast,3.13,38.3,34.86,1.1,27,49.4,Critical
877,slow,3.9,35.9,49.8,0.63,26,98.5,Needs Maintenance
952,slow,3.08,32.1,94.29,0.1,7,90.6,Needs Maintenance
85,fast,3.66,22.6,24.94,2.3,42,70.1,Moderate
734,fast,4.3,29.1,27.39,2.13,47,98.9,Needs Maintenance
69,fast,4.06,29.9,33.02,1.88,53,45.8,Critical
370,slow,3.8,39.4,67.62,0.5,59,58.2,Needs Maintenance
561,slow,3.4,49.9,32.04,0.39,38,78.3,Moderate
449,overnight,3.81,39.0,97.45,0.26,5,61.0,Needs Maintenance
703,fast,3.69,22.3,55.74,1.84,23,95.7,Needs Maintenance
1021,slow,3.55,58.3,60.12,2.33,28,43.9,Critical
520,slow,3.17,57.7,39.73,1.13,34,73.0,Moderate
1216,fast,4.15,51.4,57.68,0.39,53,75.5,Critical
1165,overnight,3.58,59.7,72.95,1.33,15,79.2,Critical
1427,fast,3.25,41.8,80.09,0.94,32,55.3,Critical
883,overnight,3.48,58.5,80.31,1.0,26,61.9,Needs Maintenance
776,slow,3.54,23.0,66.23,1.59,48,90.6,Needs Maintenance
903,overnight,4.08,34.6,92.35,1.82,31,51.7,Critical
100,slow,3.95,29.0,85.39,0.37,19,89.6,Good
624,fast,4.0,27.8,80.56,0.19,9,73.8,Needs Maintenance
1263,fast,3.01,25.6,24.45,2.49,29,85.7,Critical
1198,fast,3.54,44.9,20.55,0.66,54,82.8,Critical
199,overnight,3.63,51.3,37.0,0.23,58,52.5,Critical
363,slow,3.02,43.1,73.08,0.56,51,74.1,Moderate
619,fast,3.34,25.9,52.9,0.19,39,92.1,Needs Maintenance
1415,fast,3.99,52.4,52.19,1.04,4,65.9,Critical
354,slow,3.18,45.4,90.77,2.03,3,98.0,Moderate
731,fast,3.7,35.5,91.65,0.92,56,67.1,Needs Maintenance
887,slow,3.28,47.0,92.73,1.17,29,48.6,Critical
1127,slow,3.02,30.4,45.11,1.72,52,63.4,Critical
1052,slow,3.31,33.8,75.28,1.32,11,97.1,Critical
493,slow,4.27,56.7,41.73,2.17,33,59.2,Needs Maintenance
662,slow,4.04,31.6,35.25,2.18,38,92.1,Needs Maintenance
1042,overnight,4.25,38.8,34.77,0.12,58,92.9,Critical
313,fast,3.63,55.6,47.37,1.97,11,61.0,Needs Maintenance
1126,overnight,3.14,48.3,54.4,1.21,27,45.0,Critical
1053,fast,3.71,22.5,86.48,2.47,33,83.5,Critical
54,overnight,3.59,25.9,29.59,1.26,21,58.7,Needs Maintenance
1176,slow,4.1,20.3,78.79,2.47,39,87.0,Critical
1269,fast,3.13,45.2,62.52,1.91,31,66.6,Critical
823,fast,3.63,37.9,43.04,0.7,38,69.1,Needs Maintenance
926,overnight,3.2,25.4,59.43,1.39,46,86.7,Needs Maintenance
1041,overnight,3.42,58.3,44.0,2.48,2,62.9,Critical
933,fast,3.96,41.2,67.69,2.16,27,66.6,Needs Maintenance
1423,overnight,3.62,29.7,54.71,0.33,36,62.6,Critical
96,overnight,3.49,40.0,33.15,1.8,11,62.0,Needs Maintenance
916,overnight,3.51,47.2,29.33,0.93,47,71.6,Needs Maintenance
872,slow,3.6,23.0,63.74,0.12,18,88.5,Needs Maintenance
985,slow,4.02,31.0,92.19,1.07,59,61.7,Needs Maintenance
705,overnight,4.16,52.3,47.52,0.66,1,71.5,Needs Maintenance
318,overnight,4.24,38.4,78.64,2.07,35,80.2,Moderate
419,slow,4.02,41.9,72.69,0.91,35,56.2,Needs Maintenance
685,slow,3.41,37.3,94.52,2.09,31,56.7,Needs Maintenance
1179,fast,3.89,21.8,85.68,0.1,28,96.0,Critical
706,fast,3.57,26.6,65.33,0.84,39,83.4,Needs Maintenance
169,slow,3.33,37.8,72.56,0.68,1,74.6,Moderate
880,overnight,4.09,28.4,91.87,0.66,25,78.9,Needs Maintenance
1131,overnight,3.05,22.0,51.96,0.26,43,41.8,Critical
1419,overnight,4.17,53.7,46.14,0.55,38,77.1,Critical
790,overnight,3.6,59.2,20.86,1.43,20,70.6,Needs Maintenance
166,fast,3.83,51.7,86.12,0.8,3,72.7,Moderate
840,slow,3.86,54.2,84.08,1.1,51,61.6,Needs Maintenance
1200,overnight,4.16,29.7,28.36,1.0,2,44.9,Critical
1466,fast,3.83,58.4,66.15,2.2,18,51.6,Critical
1062,overnight,3.8,27.9,57.12,2.27,44,97.0,Critical
1131,slow,3.09,58.1,29.5,1.28,10,64.5,Critical
683,fast,3.67,59.8,98.45,0.89,5,68.0,Needs Maintenance
562,slow,3.2,48.5,37.18,0.36,9,43.2,Critical
851,slow,3.96,59.2,25.38,2.39,2,42.3,Critical
1169,fast,3.67,42.8,67.59,0.24,34,83.0,Critical
1191,fast,3.88,30.4,79.11,0.81,38,72.3,Critical
609,fast,3.05,37.5,22.6,0.82,31,70.5,Needs Maintenance
537,fast,3.11,43.7,72.7,0.87,10,54.6,Critical
1310,fast,3.93,22.9,62.58,0.49,50,84.7,Critical
946,fast,3.09,44.9,28.26,1.98,12,50.1,Critical
1345,fast,3.09,59.2,33.8,0.39,36,51.4,Critical
1262,overnight,3.02,27.6,65.44,1.62,54,67.6,Critical
753,slow,4.24,51.7,43.71,0.4,21,57.2,Needs Maintenance
630,fast,3.96,56.3,95.07,0.27,49,54.8,Critical
839,overnight,3.46,57.7,85.5,2.28,47,78.7,Needs Maintenance
910,overnight,3.39,58.4,98.69,0.56,6,79.1,Needs Maintenance
296,overnight,3.45,40.9,40.77,2.07,48,89.5,Good
1149,slow,4.01,59.1,97.58,1.41,49,65.1,Critical
203,fast,3.86,50.3,54.5,0.29,3,44.4,Critical
1046,overnight,3.24,26.5,47.8,2.39,10,56.4,Critical
1159,slow,3.23,39.1,24.03,0.69,5,98.8,Critical
746,slow,3.13,48.7,24.22,2.16,46,75.8,Needs Maintenance
1358,slow,3.86,29.9,75.36,0.51,26,82.6,Critical
1293,overnight,3.99,45.6,56.63,2.15,21,40.4,Critical
1142,fast,3.34,46.7,38.12,0.13,45,71.1,Critical
1120,overnight,3.03,26.5,69.12,1.33,26,42.3,Critical
1058,overnight,3.11,42.6,40.23,1.95,38,74.2,Critical
143,fast,4.26,50.9,66.21,2.34,44,95.2,Good
1007,fast,3.38,40.0,48.74,2.28,26,98.1,Critical
1061,fast,4.0,20.5,85.88,2.07,8,72.4,Critical
502,slow,3.81,20.4,85.66,2.23,5,67.5,Needs Maintenance
1277,fast,3.5,34.3,58.19,0.58,15,96.7,Critical
961,overnight,3.27,57.0,48.07,0.78,59,80.4,Needs Maintenance
267,fast,3.16,29.1,49.0,0.79,16,43.9,Critical
523,overnight,3.8,45.4,84.46,1.0,1,67.9,Needs Maintenance
481,slow,4.01,28.9,46.25,1.04,16,54.4,Critical
390,overnight,3.84,32.9,36.72,1.41,37,68.2,Needs Maintenance
600,overnight,3.69,53.9,26.78,0.48,3,67.3,Needs Maintenance
1362,fast,3.05,49.2,57.34,1.76,52,74.9,Critical
1327,fast,4.26,23.8,58.57,0.5,47,61.4,Critical
406,overnight,4.04,37.1,87.27,0.84,31,49.9,Critical
72,fast,3.38,21.2,37.7,1.31,13,70.2,Moderate
571,slow,4.27,39.2,50.48,2.01,56,89.8,Moderate
1173,slow,3.78,46.5,84.67,1.87,16,79.8,Critical
851,fast,3.76,24.7,85.89,1.65,55,60.3,Needs Maintenance
1253,slow,3.97,31.6,50.77,0.47,43,96.1,Critical
1296,fast,4.06,35.9,56.73,1.41,21,94.7,Critical
811,overnight,3.85,56.8,44.26,0.31,2,52.6,Critical
491,overnight,3.17,59.7,94.6,1.01,54,42.4,Critical
818,slow,3.44,21.8,29.49,1.09,27,84.5,Needs Maintenance
1065,fast,4.21,50.4,94.7,0.2,38,89.7,Critical
1398,fast,3.29,34.9,74.71,0.76,26,98.1,Critical
565,slow,3.48,35.7,62.53,2.39,58,93.4,Moderate
1089,overnight,3.56,50.2,22.61,2.39,59,76.0,Critical
841,slow,3.57,56.7,58.05,0.95,38,71.8,Needs Maintenance
385,overnight,3.8,58.0,52.62,0.2,46,41.7,Critical
307,fast,4.23,43.1,32.9,0.53,25,54.8,Critical
546,overnight,3.31,34.3,72.51,1.04,11,67.6,Needs Maintenance
945,slow,3.16,51.5,97.69,2.37,8,77.7,Needs Maintenance
209,fast,3.26,30.0,64.98,0.44,8,73.4,Moderate
901,slow,4.15,42.6,77.18,1.93,33,84.6,Needs Maintenance
739,slow,3.84,34.3,25.48,0.36,53,56.8,Needs Maintenance
429,overnight,3.37,46.3,53.41,2.46,7,73.9,Moderate
1006,slow,4.06,29.6,29.31,1.02,38,45.3,Critical
740,overnight,4.12,27.7,69.02,1.96,21,64.8,Needs Maintenance
1341,fast,4.1,56.7,95.08,0.92,8,85.0,Critical
1490,overnight,4.19,24.1,72.94,1.61,51,81.6,Critical
1241,fast,3.33,40.2,26.14,0.56,54,99.4,Critical
1116,overnight,3.98,28.8,48.37,0.45,21,56.7,Critical
334,slow,3.6,21.6,64.05,2.35,56,69.9,Needs Maintenance
446,overnight,4.09,21.4,52.26,2.3,20,59.8,Needs Maintenance
61,overnight,3.95,27.0,86.69,2.23,8,66.4,Needs Maintenance
1375,fast,4.01,54.7,85.17,1.6,58,91.4,Critical
1326,slow,3.85,31.3,68.95,2.04,46,81.1,Critical
548,overnight,3.23,58.0,49.88,0.27,31,92.9,Moderate
803,slow,3.71,43.3,40.43,0.9,50,52.2,Critical
84,overnight,4.28,37.5,28.47,0.85,57,92.4,Good
776,overnight,4.22,43.2,48.39,1.63,29,43.6,Critical
898,slow,3.06,40.7,53.05,0.95,48,93.3,Needs Maintenance
139,overnight,3.21,50.4,74.07,0.46,9,59.7,Needs Maintenance
825,slow,3.17,31.3,72.65,1.53,15,58.9,Needs Maintenance
654,overnight,3.94,34.1,25.61,2.05,30,70.7,Needs Maintenance
1019,fast,4.06,55.8,51.62,1.02,26,96.4,Critical
1071,slow,3.28,57.9,34.54,0.42,10,42.9,Critical
467,overnight,3.66,55.7,32.55,0.57,29,61.1,Needs Maintenance
164,overnight,4.09,36.8,86.18,0.67,54,91.4,Good
666,fast,3.95,51.2,23.35,0.82,16,63.8,Needs Maintenance
1269,slow,3.7,39.1,53.53,1.64,36,51.9,Critical
875,overnight,3.77,39.9,33.46,1.54,20,65.5,Needs Maintenance
1148,fast,3.66,28.2,90.35,1.77,45,63.1,Critical
462,overnight,3.39,43.6,64.56,0.97,54,94.9,Moderate
1449,slow,3.73,27.4,38.51,2.08,37,85.7,Critical
1493,overnight,3.9,33.3,60.19,0.59,22,70.3,Critical
778,overnight,4.14,54.2,78.52,1.23,7,99.3,Needs Maintenance
1350,overnight,3.83,28.3,96.65,2.02,23,67.9,Critical
1070,overnight,3.99,22.8,37.64,0.53,41,43.5,Critical
810,fast,3.21,22.8,90.89,0.36,40,55.7,Needs Maintenance
725,fast,3.6,57.6,94.74,2.22,29,66.2,Needs Maintenance
1467,slow,3.01,40.3,93.31,0.92,16,49.4,Critical
506,fast,3.32,36.4,70.83,1.74,38,96.9,Moderate
969,fast,3.94,52.4,70.39,0.16,28,86.0,Needs Maintenance
241,slow,4.29,53.4,52.26,1.76,48,56.1,Needs Maintenance
788,fast,3.13,33.3,80.19,0.86,38,75.4,Needs Maintenance
1172,fast,3.52,47.7,62.5,0.23,31,83.3,Critical
1027,slow,4.04,50.8,74.2,1.56,14,96.5,Critical
1058,slow,3.27,46.2,54.28,0.68,53,92.9,Critical
145,slow,3.72,26.1,78.52,1.03,33,70.9,Moderate
712,overnight,3.95,55.0,85.96,0.29,57,86.5,Needs Maintenance
1263,overnight,3.8,41.6,31.71,0.45,9,73.7,Critical
86,slow,3.24,31.3,86.63,0.82,57,73.2,Moderate
1442,slow,3.46,37.0,63.22,0.32,27,46.9,Critical
328,slow,4.02,21.5,87.57,2.29,24,47.6,Critical
266,overnight,3.72,25.1,54.5,0.11,13,71.8,Moderate
916,overnight,3.01,50.6,50.32,1.26,26,56.1,Needs Maintenance
922,fast,3.99,20.0,93.2,0.4,29,41.3,Critical
1346,fast,3.05,36.7,40.09,0.84,51,83.4,Critical
111,slow,3.97,40.9,87.54,2.32,49,41.9,Critical
645,overnight,3.26,22.2,58.72,0.49,43,75.7,Needs Maintenance
778,overnight,4.25,58.9,61.13,2.42,28,72.4,Needs Maintenance
1415,overnight,3.48,29.0,44.68,0.59,28,98.1,Critical
446,slow,3.43,32.2,65.84,1.88,8,69.1,Needs Maintenance
748,fast,3.19,32.2,46.02,1.41,23,43.8,Critical
1092,slow,3.4,29.2,23.14,2.22,29,73.1,Critical
226,fast,4.14,20.1,41.76,1.43,5,90.5,Good
445,fast,4.3,49.2,20.51,1.38,42,99.8,Moderate
494,slow,3.48,58.7,98.27,0.57,7,65.8,Needs Maintenance
1306,fast,3.58,29.0,97.26,0.5,42,59.2,Critical
125,fast,3.94,46.5,51.61,2.3,36,94.4,Good
314,overnight,4.15,49.7,78.27,0.89,41,51.5,Critical
504,fast,3.77,53.9,47.66,0.99,27,76.9,Moderate
767,slow,3.51,36.9,73.69,1.92,58,64.3,Needs Maintenance
784,slow,3.54,32.1,84.43,0.91,46,42.5,Critical
1457,fast,3.9,33.0,95.74,2.38,2,60.8,Critical
900,overnight,3.0,48.5,52.02,1.87,25,55.9,Needs Maintenance
1440,overnight,3.81,52.7,82.66,1.53,9,81.2,Critical
193,fast,3.46,27.3,41.27,2.21,53,96.9,Good
934,fast,4.03,34.8,99.23,0.22,27,56.1,Needs Maintenance
1142,slow,3.12,56.1,22.06,0.72,1,88.7,Critical
1172,fast,3.76,52.3,68.28,1.22,23,43.3,Critical
445,overnight,3.63,59.4,72.76,0.64,10,72.3,Moderate
1098,fast,3.84,50.2,75.04,1.89,42,44.2,Critical
997,slow,3.08,35.7,29.63,2.31,52,96.0,Needs Maintenance
940,slow,3.75,43.6,95.08,1.12,25,86.0,Needs Maintenance
1224,slow,3.73,46.4,34.49,0.92,54,79.5,Critical
1217,slow,3.73,23.1,69.82,2.41,3,89.4,Critical
618,slow,3.78,41.8,37.81,1.17,6,78.9,Needs Maintenance
1112,fast,3.88,48.4,44.58,1.27,58,98.1,Critical
158,fast,4.05,26.7,63.72,0.94,6,82.8,Moderate
1115,fast,3.35,51.2,53.38,2.28,53,95.5,Critical
1259,fast,4.07,43.4,32.82,1.47,2,71.0,Critical
984,slow,3.65,58.1,33.67,1.93,58,47.0,Critical
447,overnight,3.1,21.7,53.45,2.05,58,71.7,Moderate
1296,fast,3.08,30.6,80.58,0.92,18,47.6,Critical
683,overnight,3.43,44.1,91.84,1.14,23,75.5,Needs Maintenance
1206,fast,4.02,31.9,26.73,2.14,2,68.9,Critical
1236,fast,3.92,48.6,51.45,0.97,12,77.4,Critical
1288,overnight,4.03,50.4,28.02,2.01,22,40.6,Critical
782,slow,3.67,24.1,21.33,2.36,37,51.7,Critical
284,fast,3.57,40.6,72.94,1.6,20,69.5,Needs Maintenance
707,fast,3.19,40.4,68.2,1.88,39,97.0,Needs Maintenance
800,fast,3.43,34.8,33.04,2.03,24,63.0,Needs Maintenance
637,overnight,3.56,57.3,38.71,2.13,48,65.5,Needs Maintenance
1082,slow,3.12,53.1,21.9,1.05,20,82.9,Critical
1147,overnight,3.29,47.9,86.8,0.22,1,76.2,Critical
1003,overnight,3.78,48.6,97.98,1.06,1,57.9,Critical
541,slow,3.96,38.5,30.84,1.72,17,64.6,Needs Maintenance
962,overnight,4.3,56.8,38.52,1.18,59,53.1,Critical
1326,slow,4.21,47.8,89.47,1.9,1,98.0,Critical
1303,fast,3.84,49.2,94.12,0.96,53,47.8,Critical
1247,slow,3.55,54.5,53.57,1.62,52,62.3,Critical
1241,fast,3.83,31.0,24.05,0.55,45,41.6,Critical
219,overnight,4.02,52.3,23.15,1.9,30,53.3,Critical
1466,overnight,3.15,27.8,65.92,1.41,41,86.8,Critical
995,fast,3.53,33.8,51.43,0.59,47,52.1,Critical
844,overnight,4.09,33.4,22.29,0.8,3,44.8,Critical
683,slow,3.5,59.1,66.66,1.9,46,68.5,Needs Maintenance
1267,fast,3.74,54.3,20.9,1.26,55,40.6,Critical
78,overnight,3.76,48.0,82.99,0.62,11,45.1,Critical
1238,fast,3.24,49.1,44.51,2.42,24,88.5,Critical
1495,slow,3.47,42.5,23.22,1.82,22,86.3,Critical
388,slow,3.43,57.9,67.07,2.4,44,94.9,Moderate
1438,overnight,3.03,39.9,51.81,1.13,45,91.3,Critical
1415,slow,3.03,35.2,97.9,1.24,26,81.0,Critical
549,fast,4.08,26.5,63.54,2.26,13,43.1,Critical
560,slow,3.35,51.4,42.02,1.36,1,87.0,Moderate
1400,fast,3.67,49.4,76.76,1.8,24,90.7,Critical
266,fast,3.39,35.4,41.72,0.71,10,87.9,Good
1374,slow,4.22,21.0,92.34,1.17,35,70.5,Critical
1205,overnight,3.34,53.6,49.98,0.4,24,54.0,Critical
1143,slow,3.56,20.5,63.99,0.59,28,90.7,Critical
1325,fast,4.13,48.1,24.05,0.1,36,83.6,Critical
1488,fast,4.09,58.8,54.09,0.19,16,98.8,Critical
494,slow,3.24,37.5,86.59,2.45,40,49.3,Critical
925,overnight,4.04,29.4,84.45,0.68,16,53.5,Critical
1255,overnight,3.6,48.2,37.95,1.69,59,52.7,Critical
216,fast,3.63,52.7,38.09,2.11,17,87.6,Good
140,fast,3.17,41.9,85.38,1.42,51,51.2,Critical
763,overnight,3.1,58.7,94.43,0.47,54,44.0,Critical
88,slow,3.95,22.1,27.63,1.85,15,99.9,Good
1199,fast,3.65,40.2,56.0,1.54,16,41.5,Critical
222,fast,3.57,48.7,47.0,1.86,15,90.1,Good
702,overnight,3.95,54.5,89.66,1.95,57,61.9,Needs Maintenance
803,slow,4.0,27.2,26.68,2.44,34,90.5,Needs Maintenance
1293,overnight,3.21,52.0,36.89,1.48,11,73.3,Critical
1131,slow,3.79,42.1,80.2,0.92,1,94.1,Critical
525,slow,3.18,35.9,24.1,1.66,15,95.6,Moderate
505,slow,3.98,25.3,59.4,0.26,26,40.5,Critical
878,fast,3.85,54.6,55.37,2.25,51,44.5,Critical
944,overnight,4.24,26.3,46.75,0.39,4,55.0,Critical
1434,overnight,3.09,32.4,51.57,0.89,43,80.2,Critical
1074,slow,3.07,31.6,62.4,2.06,5,93.3,Critical
436,fast,3.37,54.9,32.91,1.53,35,67.6,Needs Maintenance
397,fast,3.34,46.9,65.76,1.04,13,76.4,Moderate
239,overnight,3.32,51.9,84.43,1.24,10,51.3,Critical
554,fast,4.18,30.0,80.81,2.15,11,88.3,Moderate
1264,fast,3.32,45.0,32.31,0.92,18,98.0,Critical
1442,slow,3.35,42.9,31.94,2.19,34,56.1,Critical
1482,fast,3.99,53.3,41.45,0.31,39,69.7,Critical
873,slow,3.58,56.2,48.89,1.96,41,45.2,Critical
978,overnight,4.01,20.5,52.68,2.13,42,73.5,Needs Maintenance
983,fast,3.08,47.0,74.38,0.54,50,70.2,Needs Maintenance
1190,overnight,3.63,22.1,24.53,1.13,23,48.7,Critical
183,overnight,3.04,42.0,22.77,0.5,7,66.5,Needs Maintenance
107,fast,3.08,31.5,51.35,1.8,59,60.0,Needs Maintenance
734,fast,4.18,32.3,75.77,1.38,39,71.3,Needs Maintenance
721,overnight,3.18,34.1,35.47,1.62,3,75.1,Needs Maintenance
222,fast,3.69,44.9,71.32,0.57,12,40.5,Critical
864,slow,3.53,33.4,40.79,0.61,7,85.7,Needs Maintenance
1222,slow,3.45,49.3,90.89,0.2,49,82.8,Critical
129,fast,4.17,36.2,91.66,0.87,26,62.0,Needs Maintenance
935,overnight,3.03,22.7,43.78,1.44,33,43.2,Critical
1286,fast,3.86,51.4,38.4,2.16,37,85.3,Critical
252,fast,4.25,31.4,52.9,1.7,48,97.3,Good
813,overnight,3.73,37.3,39.24,1.14,15,54.4,Critical
1302,overnight,4.22,47.4,73.79,2.39,2,59.4,Critical
1300,slow,3.07,33.3,86.09,1.83,41,51.0,Critical
1475,overnight,3.54,22.3,73.85,2.33,7,74.6,Critical
96,slow,3.34,35.0,85.95,1.37,32,49.3,Critical
1306,overnight,3.95,57.8,51.76,0.72,4,61.4,Critical
1378,fast,4.28,45.7,32.51,0.23,20,81.8,Critical
1216,slow,3.33,46.9,79.04,1.84,50,73.6,Critical
1488,slow,3.85,45.3,48.84,0.39,53,63.2,Critical
1446,slow,3.26,28.0,73.7,0.83,36,65.2,Critical
1332,fast,3.73,36.7,41.65,1.38,32,73.7,Critical
705,fast,3.6,50.0,26.5,1.45,28,40.4,Critical
520,fast,4.26,24.1,99.41,1.54,13,44.7,Critical
1020,fast,3.79,31.1,32.5,0.5,1,92.9,Critical
1085,fast,3.45,31.1,99.07,1.01,56,44.7,Critical
1403,slow,3.15,37.3,98.18,1.58,35,82.4,Critical
785,fast,3.2,59.2,83.51,2.43,48,95.2,Needs Maintenance
833,slow,3.29,22.7,72.75,1.85,30,56.2,Needs Maintenance
1017,fast,3.33,40.7,66.22,2.31,54,62.2,Critical
407,overnight,4.11,27.2,89.29,1.93,36,74.1,Moderate
1021,slow,3.73,58.8,43.16,1.52,57,92.9,Critical
1481,overnight,3.68,24.5,57.41,0.56,55,96.5,Critical
717,slow,3.15,36.1,69.55,1.7,25,84.4,Needs Maintenance
422,overnight,4.12,49.5,52.9,1.6,16,45.2,Critical
1081,fast,3.94,48.2,54.2,1.55,58,80.1,Critical
1195,fast,3.09,36.9,46.42,1.28,19,64.6,Critical
1421,fast,3.92,33.9,65.14,1.37,1,68.2,Critical
725,slow,3.71,35.9,88.05,0.9,5,42.9,Critical
139,overnight,3.11,30.6,36.12,1.35,51,51.5,Critical
747,fast,3.6,28.2,94.75,0.57,22,87.4,Needs Maintenance
1389,overnight,3.63,39.3,75.13,2.03,24,67.2,Critical
1251,overnight,3.22,30.7,85.86,0.55,43,58.1,Critical
589,fast,4.23,31.5,64.5,0.3,45,63.0,Needs Maintenance
781,fast,4.1,46.3,82.36,1.15,52,91.3,Needs Maintenance
918,overnight,3.87,58.7,21.3,1.68,37,84.9,Needs Maintenance
90,fast,3.6,44.1,85.47,1.15,53,56.3,Needs Maintenance
789,fast,3.54,23.1,23.21,0.76,36,47.1,Critical
551,fast,3.85,23.0,91.19,1.44,36,55.1,Needs Maintenance
1008,slow,3.71,58.1,99.36,0.93,4,95.2,Critical
1218,overnight,3.08,31.9,43.53,2.34,36,74.9,Critical
1274,overnight,3.67,23.7,36.83,2.31,52,72.0,Critical
978,slow,4.05,44.0,81.23,1.31,53,75.8,Needs Maintenance
510,overnight,3.6,44.9,40.24,0.89,18,62.0,Needs Maintenance
781,fast,3.07,45.9,89.24,1.87,50,88.4,Needs Maintenance
801,overnight,4.02,30.7,28.23,0.19,16,71.4,Needs Maintenance
974,fast,3.26,20.6,30.08,1.24,41,47.0,Critical
958,slow,3.34,58.6,98.33,0.91,18,47.7,Critical
1326,fast,3.21,30.0,73.91,2.31,22,72.2,Critical
439,overnight,3.43,47.0,87.75,0.13,2,96.2,Moderate
932,overnight,3.98,48.3,45.95,1.43,21,58.5,Needs Maintenance
305,overnight,3.68,44.4,74.12,1.88,36,92.2,Moderate
758,slow,3.27,32.5,67.54,1.26,44,85.8,Needs Maintenance
499,slow,4.14,30.8,68.25,0.3,39,54.9,Critical
59,overnight,4.14,43.9,74.6,2.43,47,42.2,Critical
873,fast,4.13,54.6,66.03,1.34,39,46.1,Critical
847,slow,3.31,57.9,54.32,1.57,29,83.7,Needs Maintenance
1315,overnight,3.59,24.2,42.07,0.67,54,52.0,Critical
1324,overnight,4.28,26.2,81.49,1.26,26,62.3,Critical
926,slow,4.0,57.8,38.1,1.13,21,70.1,Needs Maintenance
1078,slow,3.04,49.5,75.39,0.28,17,83.5,Critical
1192,slow,3.08,55.3,38.67,0.35,16,46.8,Critical
1065,fast,3.6,28.1,70.03,2.11,31,64.4,Critical
423,fast,4.18,43.5,79.77,0.68,51,69.1,Needs Maintenance
1138,overnight,3.7,48.0,37.5,0.57,9,72.4,Critical
195,slow,3.65,47.2,24.8,1.31,31,89.1,Good
273,fast,3.14,36.3,30.48,1.94,14,50.3,Critical
1312,slow,3.85,20.6,68.48,0.25,49,88.5,Critical
226,overnight,4.07,43.3,87.96,1.48,37,81.6,Moderate
902,fast,3.49,30.1,23.6,0.39,2,73.4,Needs Maintenance
1355,fast,4.01,38.0,78.73,0.19,52,82.0,Critical
112,fast,4.25,58.3,47.31,0.23,48,64.7,Needs Maintenance
1290,overnight,3.26,36.0,58.28,2.1,46,48.3,Critical
876,slow,3.68,53.6,94.31,0.38,14,79.9,Needs Maintenance
844,fast,3.37,27.5,46.56,0.21,59,71.5,Needs Maintenance
738,overnight,4.03,46.9,57.23,1.15,33,78.4,Needs Maintenance
154,slow,3.75,59.1,21.09,2.13,35,60.3,Needs Maintenance
1172,overnight,3.82,24.1,26.53,0.73,58,94.4,Critical
560,slow,4.04,20.3,40.69,1.11,39,75.2,Moderate
434,overnight,3.51,37.3,22.23,0.2,58,45.1,Critical
454,slow,4.19,23.7,70.51,1.18,47,67.0,Needs Maintenance
872,fast,3.69,49.9,54.11,1.49,51,85.4,Needs Maintenance
567,slow,3.21,56.6,63.85,1.47,20,87.6,Moderate
525,overnight,3.9,37.4,33.97,0.9,2,69.7,Needs Maintenance
758,overnight,4.03,30.3,43.67,0.86,51,93.7,Needs Maintenance
820,slow,3.41,37.4,73.11,0.36,41,56.1,Needs Maintenance
1096,fast,4.11,48.9,97.22,0.98,19,64.6,Critical
1046,fast,4.18,20.4,24.03,0.34,59,93.9,Critical
726,slow,3.36,43.6,91.23,1.94,37,93.8,Needs Maintenance
763,slow,4.28,44.5,66.15,2.42,18,81.1,Needs Maintenance
132,overnight,3.18,45.5,65.11,2.43,16,91.5,Good
1218,fast,3.26,29.7,60.02,2.18,4,45.3,Critical
1158,slow,3.24,48.6,25.55,1.54,12,91.9,Critical
1151,fast,4.16,23.7,27.19,1.78,29,59.2,Critical
506,slow,3.85,28.0,68.07,0.78,7,50.7,Critical
50,slow,3.2,55.1,47.28,1.61,14,54.4,Critical
100,fast,3.57,49.5,93.38,1.19,55,65.1,Needs Maintenance
734,slow,3.8,20.5,52.53,1.26,12,55.1,Needs Maintenance
766,slow,3.11,29.9,31.46,1.92,35,59.2,Needs Maintenance
498,overnight,4.15,28.6,77.18,0.78,5,48.1,Critical
930,slow,4.04,30.8,43.47,0.86,17,57.8,Needs Maintenance
537,slow,3.66,29.9,62.04,2.32,58,74.3,Moderate
83,slow,4.26,22.5,75.83,0.23,42,66.5,Needs Maintenance
1421,overnight,3.54,38.4,92.02,1.27,32,60.8,Critical
144,fast,4.28,49.3,83.38,2.29,10,84.8,Moderate
1145,overnight,3.87,44.3,74.11,1.56,43,93.6,Critical
203,overnight,3.83,46.9,74.37,1.41,17,85.4,Good
299,fast,3.22,23.2,95.67,0.7,5,59.9,Needs Maintenance
723,overnight,4.15,58.1,43.67,0.92,45,84.7,Needs Maintenance
487,fast,3.56,53.5,20.09,2.14,42,49.1,Critical
167,overnight,3.21,52.2,41.76,1.44,9,47.8,Critical
820,fast,3.02,52.9,37.43,1.34,49,60.7,Needs Maintenance
1379,slow,3.73,57.3,72.95,0.34,33,88.5,Critical
317,overnight,3.69,41.8,70.7,0.14,36,54.8,Critical
1127,overnight,3.94,28.0,67.48,2.41,36,43.8,Critical
285,overnight,4.16,44.7,21.3,1.0,18,47.9,Critical
438,overnight,3.1,49.7,78.3,1.55,9,91.5,Moderate
1039,slow,3.95,49.5,45.88,0.29,57,78.0,Critical
812,overnight,3.24,40.9,73.2,1.74,29,55.2,Needs Maintenance
450,slow,4.12,22.7,64.53,2.34,50,73.3,Moderate
673,slow,4.06,34.8,47.42,1.48,14,71.7,Needs Maintenance
816,slow,3.7,56.8,30.77,0.4,25,79.3,Needs Maintenance
1376,slow,3.92,43.4,27.55,1.5,15,54.0,Critical
968,fast,3.41,41.5,86.52,1.94,6,91.9,Needs Maintenance
1280,fast,3.61,30.8,93.47,1.08,56,58.6,Critical
1302,overnight,4.07,34.7,71.98,2.21,42,81.6,Critical
902,fast,3.6,55.8,28.27,1.66,29,41.0,Critical
627,fast,3.47,46.7,52.16,2.26,15,62.4,Needs Maintenance
124,overnight,3.64,51.5,78.32,1.6,29,61.1,Needs Maintenance
484,overnight,4.08,38.2,82.39,0.42,4,72.6,Moderate
152,overnight,3.44,45.2,29.46,0.84,18,44.4,Critical
1495,fast,3.23,29.9,20.0,0.58,50,87.4,Critical
813,fast,3.93,48.2,76.97,2.28,57,53.1,Critical
787,overnight,4.07,37.1,48.53,1.92,49,80.6,Needs Maintenance
855,slow,3.13,37.7,40.36,1.72,44,88.2,Needs Maintenance
1379,overnight,3.31,46.0,21.03,0.82,39,73.7,Critical
147,slow,3.18,57.5,63.22,0.54,16,84.5,Moderate
847,slow,3.45,22.6,88.09,1.92,11,79.7,Needs Maintenance
1408,overnight,3.59,53.0,96.61,1.24,14,61.3,Critical
908,overnight,3.97,31.7,65.26,0.64,3,88.5,Needs Maintenance
484,overnight,3.85,37.8,61.16,1.58,51,57.7,Needs Maintenance
496,fast,3.81,20.9,26.8,0.2,50,74.3,Moderate
1381,slow,3.46,32.0,63.91,0.88,42,84.7,Critical
298,fast,4.09,40.1,50.4,1.22,38,62.7,Needs Maintenance
215,fast,3.61,22.2,68.57,0.46,45,58.2,Needs Maintenance
1033,overnight,4.27,39.6,51.1,2.46,42,67.6,Critical
1408,fast,3.82,57.1,39.22,0.6,18,89.1,Critical
1069,overnight,3.16,24.2,27.6,0.41,58,95.8,Critical
591,slow,3.88,50.6,45.19,0.59,20,72.7,Moderate
808,overnight,3.42,36.4,27.73,1.95,58,79.7,Needs Maintenance
1179,fast,3.89,46.2,34.15,1.12,48,94.2,Critical
130,fast,3.09,30.4,98.99,1.46,25,45.9,Critical
182,overnight,3.23,26.4,55.53,0.15,57,53.9,Critical
846,overnight,4.11,26.4,62.55,0.18,38,82.5,Needs Maintenance
949,fast,3.3,22.8,89.89,1.17,13,89.4,Needs Maintenance
187,slow,4.09,27.4,99.65,2.06,4,91.4,Good
233,slow,3.36,46.6,66.62,2.22,55,64.9,Needs Maintenance
1474,overnight,3.84,55.3,85.0,0.31,14,45.4,Critical
1403,slow,3.9,52.6,46.16,1.39,33,66.3,Critical
834,fast,3.67,47.4,44.46,2.29,28,53.8,Critical
1033,overnight,3.4,24.4,52.22,1.03,52,57.5,Critical
118,fast,3.28,31.6,73.8,2.09,37,86.3,Good
595,fast,3.04,32.4,74.58,0.42,8,44.5,Critical
102,slow,3.4,30.0,45.22,2.34,44,89.7,Good
254,overnight,3.85,40.6,30.66,1.9,34,65.7,Needs Maintenance
175,overnight,4.22,41.4,70.59,2.36,44,75.8,Moderate
92,slow,4.13,34.3,30.27,1.72,5,45.4,Critical
160,fast,4.0,34.2,66.28,0.97,54,60.2,Needs Maintenance
810,fast,4.02,53.1,75.47,2.35,5,45.4,Critical
1256,fast,3.86,51.6,76.05,0.76,31,97.7,Critical
897,fast,3.34,32.3,80.28,0.9,45,88.4,Needs Maintenance
144,overnight,4.18,56.6,89.83,1.78,9,67.6,Needs Maintenance
1447,overnight,3.87,58.1,60.0,1.94,42,53.4,Critical
949,slow,3.73,33.1,78.42,2.33,32,96.0,Needs Maintenance
409,slow,3.14,34.2,69.53,0.59,33,60.7,Needs Maintenance
949,overnight,3.58,40.2,34.93,2.02,3,49.7,Critical
330,overnight,3.6,57.6,22.06,1.87,30,73.8,Moderate
1268,fast,4.12,55.1,42.76,0.25,50,96.6,Critical
1268,fast,3.71,24.1,55.44,1.03,12,40.2,Critical
716,slow,3.49,35.7,69.37,0.78,29,54.3,Critical
142,overnight,4.27,42.1,88.0,0.83,3,96.3,Good
721,slow,3.14,40.1,35.7,2.46,26,50.3,Critical
110,overnight,3.55,27.8,30.04,1.64,57,46.8,Critical
683,fast,3.05,54.4,97.08,1.82,30,74.2,Needs Maintenance
1124,slow,3.96,47.1,28.64,2.44,9,91.7,Critical
1476,slow,4.19,53.5,58.28,1.01,26,68.6,Critical
1078,overnight,3.36,54.4,66.85,2.02,2,99.7,Critical
653,fast,4.12,49.9,63.31,1.14,3,80.8,Needs Maintenance
731,slow,3.38,37.6,26.88,2.19,46,44.4,Critical
583,fast,4.18,44.4,24.56,0.53,4,99.6,Moderate
1478,slow,3.98,26.4,28.44,2.37,25,64.5,Critical
887,fast,4.05,46.9,66.85,0.63,51,57.2,Needs Maintenance
694,overnight,3.02,27.2,63.55,0.88,13,73.5,Needs Maintenance
282,slow,4.25,47.8,38.7,1.91,39,58.3,Needs Maintenance
573,slow,3.94,29.2,71.02,1.05,44,45.2,Critical
395,fast,3.4,24.7,85.61,1.56,35,40.1,Critical
1119,fast,4.08,26.6,23.33,1.17,55,67.0,Critical
595,slow,3.37,20.1,59.85,1.88,23,90.2,Moderate
1151,overnight,4.13,48.7,75.14,0.65,9,74.3,Critical
1146,fast,3.15,49.3,40.18,0.24,2,100.0,Critical
843,fast,3.91,40.6,44.62,0.82,54,57.2,Needs Maintenance
298,fast,3.7,26.5,69.09,1.24,41,56.8,Needs Maintenance
96,slow,3.13,23.3,91.83,0.5,44,49.6,Critical
1194,slow,3.31,20.8,84.79,0.95,31,49.8,Critical
263,slow,3.02,26.6,66.65,1.06,44,57.1,Needs Maintenance
288,slow,3.61,55.6,78.42,0.24,47,87.6,Good
1129,overnight,3.39,29.7,49.19,1.5,2,94.3,Critical
399,overnight,3.78,34.2,71.28,2.22,32,98.5,Moderate
156,slow,3.39,24.2,57.29,0.46,18,53.9,Critical
880,overnight,3.39,28.9,35.19,1.53,13,92.9,Needs Maintenance
97,fast,3.97,40.8,76.14,1.7,46,59.7,Needs Maintenance
386,fast,3.06,44.3,64.52,1.11,5,46.8,Critical
1099,fast,4.17,29.8,48.69,1.78,58,92.2,Critical
853,slow,4.11,22.3,92.91,1.09,42,78.2,Needs Maintenance
1330,fast,3.87,35.6,21.67,1.31,44,49.9,Critical
57,overnight,3.77,29.4,45.26,0.12,10,65.8,Needs Maintenance
674,slow,4.16,28.8,24.55,1.76,56,57.2,Needs Maintenance
1326,overnight,3.24,58.4,81.32,1.69,43,84.2,Critical
768,fast,3.1,44.7,76.17,0.19,25,67.2,Needs Maintenance
352,fast,3.31,42.3,46.51,0.98,34,99.4,Moderate
688,fast,4.03,36.6,74.05,2.45,37,43.3,Critical
105,slow,3.05,37.2,51.67,1.11,30,61.3,Needs Maintenance
775,overnight,3.76,41.6,80.5,1.3,7,68.9,Needs Maintenance
575,slow,4.29,47.9,56.33,2.28,6,70.2,Moderate
523,slow,4.11,48.1,52.98,1.82,54,59.0,Needs Maintenance
77,fast,3.68,26.9,94.78,1.5,55,83.8,Moderate
127,slow,3.08,40.0,40.07,2.01,3,92.5,Good
1289,slow,4.08,36.5,29.64,2.17,13,96.3,Critical
1459,fast,3.78,54.8,66.76,1.2,3,88.3,Critical
414,slow,3.15,45.3,97.55,1.24,26,91.0,Moderate
715,fast,3.12,41.3,50.23,1.03,57,73.0,Needs Maintenance
575,fast,4.18,24.6,24.96,2.42,24,89.6,Moderate
748,fast,3.87,44.2,47.14,1.77,53,58.2,Needs Maintenance
1385,fast,4.08,24.7,60.47,0.3,6,63.9,Critical
932,slow,4.14,33.5,32.95,2.17,43,59.0,Needs Maintenance
1080,fast,3.74,25.7,72.65,1.25,58,68.0,Critical
1076,fast,3.67,47.7,99.82,0.27,49,57.1,Critical
968,slow,3.56,28.3,56.14,1.42,42,97.7,Needs Maintenance
799,slow,3.41,35.7,48.38,1.1,12,58.8,Needs Maintenance
412,overnight,3.56,55.8,52.06,2.21,49,45.9,Critical
1347,slow,4.01,28.2,29.21,0.59,36,71.6,Critical
855,slow,3.78,40.3,90.66,2.08,2,43.4,Critical
788,overnight,4.16,36.8,53.19,1.44,11,46.6,Critical
1088,slow,3.58,20.7,50.98,0.23,39,53.2,Critical
1265,slow,3.79,51.7,72.78,2.43,34,67.9,Critical
534,slow,3.82,22.8,55.36,1.33,26,66.0,Needs Maintenance
77,slow,3.77,39.0,71.86,0.8,18,88.0,Good
763,overnight,3.91,42.4,24.92,1.23,21,84.4,Needs Maintenance
1112,slow,3.31,45.1,85.1,2.16,36,65.6,Critical
1346,slow,3.67,47.5,95.24,0.83,40,60.0,Critical
1304,overnight,3.14,30.1,71.9,0.56,52,59.0,Critical
135,fast,3.5,20.4,96.37,0.41,46,86.4,Good
175,overnight,3.63,48.9,32.11,0.81,44,43.1,Critical
861,fast,3.85,41.4,58.19,1.97,22,40.8,Critical
586,overnight,4.24,53.4,68.14,1.23,53,87.7,Moderate
194,overnight,3.78,52.9,66.54,0.65,59,68.6,Needs Maintenance
1285,slow,3.97,53.7,52.12,0.5,30,47.9,Critical
74,fast,3.66,39.4,47.05,0.9,50,54.1,Critical
1467,slow,3.82,33.3,30.15,2.36,43,96.0,Critical
116,fast,3.09,51.7,51.34,0.92,30,91.6,Good
282,overnight,3.33,38.1,33.01,2.47,8,82.6,Moderate
158,overnight,3.47,27.3,78.75,1.26,34,68.9,Needs Maintenance
1219,fast,3.61,54.2,36.71,0.53,57,71.2,Critical
160,slow,3.06,55.3,24.69,2.24,47,98.5,Good
277,slow,3.18,38.7,64.19,1.2,9,97.9,Good
160,slow,3.36,23.0,67.62,1.8,51,52.9,Critical
83,slow,4.26,35.5,89.75,2.46,20,88.7,Good
672,overnight,3.43,52.1,66.16,0.22,40,51.8,Critical
1442,overnight,3.63,56.1,47.64,0.33,25,52.8,Critical
797,overnight,3.25,28.1,84.24,1.83,19,80.6,Needs Maintenance
644,overnight,3.79,22.7,63.22,0.78,5,64.3,Needs Maintenance
474,overnight,3.36,55.1,26.34,0.54,11,95.9,Moderate
662,slow,3.27,35.6,65.27,0.19,15,45.3,Critical
741,slow,3.67,41.7,92.64,0.15,8,70.7,Needs Maintenance
1355,slow,3.01,58.7,51.71,1.96,19,95.1,Critical
1393,slow,3.01,22.7,43.71,0.42,23,94.2,Critical
364,overnight,3.28,45.9,31.48,1.22,27,49.4,Critical
926,overnight,3.05,23.0,32.12,1.55,40,62.0,Needs Maintenance
1450,overnight,3.14,35.0,54.62,1.13,32,77.1,Critical
1362,fast,3.44,52.2,67.65,0.17,26,49.6,Critical
711,slow,4.04,37.3,26.45,1.98,27,98.1,Needs Maintenance
326,slow,3.74,59.9,95.17,0.13,19,94.9,Moderate
673,overnight,3.67,42.4,80.41,1.93,50,50.0,Critical
565,slow,3.38,32.8,66.93,2.24,42,47.3,Critical
1423,slow,4.21,28.8,86.28,1.14,29,45.1,Critical
892,overnight,3.52,34.0,26.41,1.39,39,94.6,Needs Maintenance
399,fast,3.11,34.9,58.15,1.24,41,51.6,Critical
872,fast,3.8,22.7,70.41,1.03,33,65.0,Needs Maintenance
1210,fast,3.15,34.8,86.29,2.23,19,66.9,Critical
808,overnight,3.45,38.6,82.68,2.25,37,75.9,Needs Maintenance
948,slow,3.66,48.9,42.17,0.91,19,44.3,Critical
292,overnight,4.14,46.3,95.27,1.58,33,53.6,Critical
592,overnight,3.64,48.4,29.95,2.32,47,95.9,Moderate
1113,slow,3.91,20.3,90.01,2.41,16,94.5,Critical
278,fast,4.29,28.7,97.68,1.32,23,86.9,Good
597,fast,3.17,46.5,34.17,1.19,7,41.2,Critical
969,overnight,3.36,39.4,77.77,0.77,26,59.6,Needs Maintenance
1296,fast,3.51,20.2,23.22,2.4,32,77.7,Critical
55,overnight,3.55,52.2,52.43,0.44,12,56.5,Needs Maintenance
1395,overnight,3.53,50.9,61.3,1.49,8,94.6,Critical
517,slow,4.18,41.9,66.45,0.78,5,78.0,Moderate
124,slow,3.93,22.7,94.87,0.77,42,44.3,Critical
53,slow,3.79,50.7,73.78,1.07,28,94.5,Good
695,overnight,3.4,43.3,58.5,2.5,53,97.5,Needs Maintenance
167,slow,4.07,51.3,84.77,0.23,5,44.7,Critical
930,fast,4.24,50.1,96.04,1.49,49,71.9,Needs Maintenance
553,fast,4.07,52.1,21.77,0.3,26,58.2,Needs Maintenance
996,overnight,3.0,40.7,98.6,0.47,5,63.6,Needs Maintenance
623,overnight,3.83,25.6,26.89,1.15,22,50.8,Critical
243,slow,3.07,46.8,85.15,1.33,15,74.7,Moderate
896,overnight,3.33,44.8,42.43,0.72,13,97.5,Needs Maintenance
764,overnight,3.08,49.7,30.57,0.86,28,70.2,Needs Maintenance
1465,fast,3.78,26.8,55.19,0.31,33,45.0,Critical
1099,fast,3.89,27.8,71.52,0.83,43,77.2,Critical
222,slow,3.15,55.6,50.48,2.42,23,60.4,Needs Maintenance
1373,overnight,3.5,50.0,24.37,2.37,33,91.4,Critical
375,overnight,3.59,56.3,67.96,0.9,43,66.1,Needs Maintenance
1483,fast,3.48,50.3,92.19,1.47,18,51.6,Critical
1191,overnight,3.16,43.9,50.66,2.28,50,51.5,Critical
885,fast,3.54,46.2,37.31,0.11,53,86.1,Needs Maintenance
773,slow,3.98,55.6,55.41,2.05,30,55.9,Needs Maintenance
274,fast,3.09,43.2,23.87,2.38,26,86.0,Good
581,overnight,3.1,45.3,85.64,0.32,16,52.4,Critical
162,slow,3.46,26.3,86.11,0.49,13,59.3,Needs Maintenance
